{"eval_exact_match": 53.11797752808989, "eval_f1": 60.258815748358316}