{"eval_exact_match": 54.04494382022472, "eval_f1": 61.4441879097724}