{"eval_exact_match": 78.02270577105014, "eval_f1": 85.85404511967275}