{"eval_exact_match": 55.140449438202246, "eval_f1": 61.36867995494855}